Time Stamp (seconds),Battery Voltage,Battery Current
1669710555.1616125,9.404670213e+000 
,2.004E+0 

1669710557.1695416,9.346839494e+000 
,2.004E+0 

