Time Stamp (seconds),Battery Voltage,Battery Current
1669636853.5816238,9.559418949e+000 
,4.998E+0 

1669636854.6419601,9.433289654e+000 
,4.998E+0 

1669636855.5948021,9.364521840e+000 
,4.998E+0 

1669636856.595519,9.313649472e+000 
,4.998E+0 

1669636857.6034434,9.276519706e+000 
,4.998E+0 

